{
  "active": true,
  "behavior_authority_active": true,
  "behavior_authority_gate": 10.0,
  "behavior_code": 4,
  "channel_voice_counts": {
    "/ch/1": 16,
    "/ch/10": 16,
    "/ch/11": 6,
    "/ch/12": 16,
    "/ch/13": 16,
    "/ch/14": 4,
    "/ch/15": 1,
    "/ch/16": 16,
    "/ch/17": 6,
    "/ch/18": 1,
    "/ch/19": 1,
    "/ch/2": 1,
    "/ch/20": 1,
    "/ch/21": 0,
    "/ch/22": 0,
    "/ch/23": 0,
    "/ch/24": 0,
    "/ch/25": 0,
    "/ch/26": 0,
    "/ch/27": 1,
    "/ch/28": 6,
    "/ch/29": 6,
    "/ch/3": 1,
    "/ch/30": 6,
    "/ch/31": 6,
    "/ch/32": 6,
    "/ch/4": 1,
    "/ch/5": 1,
    "/ch/6": 1,
    "/ch/7": 1,
    "/ch/8": 1,
    "/ch/9": 16
  },
  "channels": {
    "/ch/1": 0.1,
    "/ch/10": 3.08,
    "/ch/11": 4.04,
    "/ch/12": 1.7999999999999998,
    "/ch/13": 1.7999999999999998,
    "/ch/14": -3.6662497520446777,
    "/ch/15": 0.0,
    "/ch/16": 1.0,
    "/ch/17": 3.0,
    "/ch/18": 4.0,
    "/ch/19": 10.0,
    "/ch/2": 0.0,
    "/ch/20": 10.0,
    "/ch/21": 0.0,
    "/ch/22": 0.0,
    "/ch/23": 0.0,
    "/ch/24": 0.0,
    "/ch/25": 0.0,
    "/ch/26": 0.0,
    "/ch/27": -2.7202847003936768,
    "/ch/28": 0.3,
    "/ch/29": 1.0,
    "/ch/3": 0.0,
    "/ch/30": 1.7999999999999998,
    "/ch/31": 2.4000000000000004,
    "/ch/32": 2.4000000000000004,
    "/ch/4": 0.24395822882652285,
    "/ch/5": 0.0,
    "/ch/6": 1.3247523307800293,
    "/ch/7": 2.0,
    "/ch/8": 3.0,
    "/ch/9": 0.6000000000000001
  },
  "color_mode": 2,
  "fresh": true,
  "gravity_well_position_raw": [
    -3.6662497520446777,
    -2.7199864387512207,
    2.2746970653533936,
    -3.3759801387786865
  ],
  "gravity_well_position_vec4": [
    -3.6662497520446777,
    -2.7199864387512207,
    2.2746970653533936,
    -3.3759801387786865
  ],
  "gravity_well_strength": 0.0,
  "host": "127.0.0.1",
  "last_message_time_unix": 1778340331.427376,
  "message_count": 276281300,
  "native_channel_values": {
    "/ch/1": 0.1,
    "/ch/10": 3.08,
    "/ch/11": 4.04,
    "/ch/12": 1.7999999999999998,
    "/ch/13": 1.7999999999999998,
    "/ch/14": -3.6662497520446777,
    "/ch/15": 0.0,
    "/ch/16": 1.0,
    "/ch/17": 3.0,
    "/ch/18": 4.0,
    "/ch/19": 10.0,
    "/ch/2": 0.0,
    "/ch/20": 10.0,
    "/ch/21": 0.0,
    "/ch/22": 0.0,
    "/ch/23": 0.0,
    "/ch/24": 0.0,
    "/ch/25": 0.0,
    "/ch/26": 0.0,
    "/ch/27": -2.7202847003936768,
    "/ch/28": 0.3,
    "/ch/29": 1.0,
    "/ch/3": 0.0,
    "/ch/30": 1.7999999999999998,
    "/ch/31": 2.4000000000000004,
    "/ch/32": 2.4000000000000004,
    "/ch/4": 0.24395822882652285,
    "/ch/5": 0.0,
    "/ch/6": 1.3247523307800293,
    "/ch/7": 2.0,
    "/ch/8": 3.0,
    "/ch/9": 0.6000000000000001
  },
  "native_channel_voice_counts": {
    "/ch/1": 16,
    "/ch/10": 16,
    "/ch/11": 6,
    "/ch/12": 16,
    "/ch/13": 16,
    "/ch/14": 4,
    "/ch/15": 1,
    "/ch/16": 16,
    "/ch/17": 6,
    "/ch/18": 1,
    "/ch/19": 1,
    "/ch/2": 1,
    "/ch/20": 1,
    "/ch/21": 0,
    "/ch/22": 0,
    "/ch/23": 0,
    "/ch/24": 0,
    "/ch/25": 0,
    "/ch/26": 0,
    "/ch/27": 1,
    "/ch/28": 6,
    "/ch/29": 6,
    "/ch/3": 1,
    "/ch/30": 6,
    "/ch/31": 6,
    "/ch/32": 6,
    "/ch/4": 1,
    "/ch/5": 1,
    "/ch/6": 1,
    "/ch/7": 1,
    "/ch/8": 1,
    "/ch/9": 16
  },
  "native_channels": {
    "/ch/1": "probability",
    "/ch/10": "species_mass_bank_A",
    "/ch/11": "species_mass_bank_B",
    "/ch/12": "particle_turbulence_bank_A",
    "/ch/13": "particle_cohesion_bank_A",
    "/ch/14": "gravity_well_position",
    "/ch/15": "gravity_well_strength",
    "/ch/16": "species_color_hsl_bank_A",
    "/ch/17": "species_color_hsl_bank_B",
    "/ch/18": "behavior_code",
    "/ch/19": "behavior_authority_gate",
    "/ch/2": "radial",
    "/ch/20": "adaptive_aux_20",
    "/ch/21": "adaptive_aux_21",
    "/ch/22": "adaptive_aux_22",
    "/ch/23": "adaptive_aux_23",
    "/ch/24": "adaptive_aux_24",
    "/ch/25": "adaptive_aux_25",
    "/ch/26": "adaptive_aux_26",
    "/ch/27": "adaptive_aux_27",
    "/ch/28": "probability_bank_B",
    "/ch/29": "color_mode_bank_B",
    "/ch/3": "orbital",
    "/ch/30": "particle_speed_bank_B",
    "/ch/31": "particle_turbulence_bank_B",
    "/ch/32": "particle_cohesion_bank_B",
    "/ch/4": "vertical",
    "/ch/5": "turbulence",
    "/ch/6": "shell",
    "/ch/7": "color_mode",
    "/ch/8": "scene_index",
    "/ch/9": "particle_speed"
  },
  "native_raw_channels": {
    "/ch/1": [
      1.0,
      1.5,
      -0.2193806767463684,
      -4.2436842918396,
      0.5,
      -1.149999976158142,
      -4.900000095367432,
      -0.32499998807907104,
      4.0,
      3.754709482192993,
      4.0,
      -1.0,
      3.0,
      -5.0,
      -5.0,
      2.0
    ],
    "/ch/10": [
      1.0,
      1.5,
      -0.2193806767463684,
      -4.24324369430542,
      0.5,
      -1.149999976158142,
      -4.900000095367432,
      -0.32499998807907104,
      4.0,
      3.7548253536224365,
      4.0,
      -1.0,
      3.0,
      -5.0,
      -5.0,
      2.0
    ],
    "/ch/11": [
      3.0,
      3.0,
      3.8140690326690674,
      3.0,
      3.0,
      3.0
    ],
    "/ch/12": [
      1.0,
      1.5,
      -0.2193806767463684,
      -4.2436842918396,
      0.5,
      -1.149999976158142,
      -4.900000095367432,
      -0.32499998807907104,
      4.0,
      3.754709482192993,
      4.0,
      -1.0,
      3.0,
      -5.0,
      -5.0,
      2.0
    ],
    "/ch/13": [
      1.0,
      1.5,
      -0.2193806767463684,
      -4.2436842918396,
      0.5,
      -1.149999976158142,
      -4.900000095367432,
      -0.32499998807907104,
      4.0,
      3.754709482192993,
      4.0,
      -1.0,
      3.0,
      -5.0,
      -5.0,
      2.0
    ],
    "/ch/14": [
      -3.6662497520446777,
      -2.7199864387512207,
      2.2746970653533936,
      -3.3759801387786865
    ],
    "/ch/15": [
      -3.375979423522949
    ],
    "/ch/16": [
      1.0,
      1.5,
      -0.2193806767463684,
      -4.2436842918396,
      0.5,
      -1.149999976158142,
      -4.900000095367432,
      -0.32499998807907104,
      4.0,
      3.754709482192993,
      4.0,
      -1.0,
      3.0,
      -5.0,
      -5.0,
      2.0
    ],
    "/ch/17": [
      3.0,
      3.0,
      3.8128130435943604,
      3.0,
      3.0,
      3.0
    ],
    "/ch/18": [
      4.0
    ],
    "/ch/19": [
      10.0
    ],
    "/ch/2": [
      0.0
    ],
    "/ch/20": [
      10.0
    ],
    "/ch/21": [],
    "/ch/22": [],
    "/ch/23": [],
    "/ch/24": [],
    "/ch/25": [],
    "/ch/26": [],
    "/ch/27": [
      -2.7202847003936768
    ],
    "/ch/28": [
      3.0,
      3.0,
      3.8128130435943604,
      3.0,
      3.0,
      3.0
    ],
    "/ch/29": [
      3.0,
      3.0,
      3.8128130435943604,
      3.0,
      3.0,
      3.0
    ],
    "/ch/3": [
      -0.9484143257141113
    ],
    "/ch/30": [
      3.0,
      3.0,
      3.8128130435943604,
      3.0,
      3.0,
      3.0
    ],
    "/ch/31": [
      3.0,
      3.0,
      3.8128130435943604,
      3.0,
      3.0,
      3.0
    ],
    "/ch/32": [
      3.0,
      3.0,
      3.8128130435943604,
      3.0,
      3.0,
      3.0
    ],
    "/ch/4": [
      0.8131940960884094
    ],
    "/ch/5": [
      -0.2137673795223236
    ],
    "/ch/6": [
      4.415841102600098
    ],
    "/ch/7": [
      6.25
    ],
    "/ch/8": [
      4.0
    ],
    "/ch/9": [
      1.0,
      1.5,
      -0.2193806767463684,
      -4.2436842918396,
      0.5,
      -1.149999976158142,
      -4.900000095367432,
      -0.32499998807907104,
      4.0,
      3.754709482192993,
      4.0,
      -1.0,
      3.0,
      -5.0,
      -5.0,
      2.0
    ]
  },
  "orbital": 0.0,
  "particle_cohesion": 1.7999999999999998,
  "particle_mass": 3.08,