{
  "channels": {
    "/ch/1": {
      "count": 13098,
      "raw_avg": 0.2488620820936225,
      "raw_max": 6.5671844482421875,
      "raw_min": -6.588072776794434,
      "value_avg": 0.4924828981018938,
      "value_max": 1.0,
      "value_min": 0.0
    },
    "/ch/2": {
      "count": 7828,
      "raw_avg": 4.437021082459426,
      "raw_max": 10.083333969116211,
      "raw_min": 0.0833333358168602,
      "value_avg": 2.6559001040108705,
      "value_max": 3.0,
      "value_min": 0.10865027521302892
    },
    "/ch/3": {
      "count": 20,
      "raw_avg": 9.76872615814209,
      "raw_max": 9.779047012329102,
      "raw_min": 9.759689331054688,
      "value_avg": 2.9576923076923114,
      "value_max": 2.999999999999788,
      "value_min": 2.34
    },
    "/ch/4": {
      "count": 7312,
      "raw_avg": 5.06561924181308,
      "raw_max": 6.725574493408203,
      "raw_min": 2.1458418369293213,
      "value_avg": 2.9509633529935666,
      "value_max": 3.0,
      "value_min": 1.7071089792251588
    },
    "/ch/5": {
      "count": 6551,
      "raw_avg": 5.123810764840588,
      "raw_max": 10.0,
      "raw_min": 0.0,
      "value_avg": 2.6512853915201178,
      "value_max": 3.0,
      "value_min": 0.015499544881157668
    },
    "/ch/6": {
      "count": 10044,
      "raw_avg": 5.184917427827902,
      "raw_max": 9.99893856048584,
      "raw_min": 0.0,
      "value_avg": 2.4851922481038815,
      "value_max": 3.0,
      "value_min": 0.0031198884301709496
    },
    "/ch/7": {
      "count": 298,
      "raw_avg": 5.0,
      "raw_max": 10.0,
      "raw_min": 0.0,
      "value_avg": 0.49937574736912205,
      "value_max": 0.8474576271186441,
      "value_min": 0.0
    },
    "/ch/8": {
      "count": 7400,
      "raw_avg": 5.036681503121917,
      "raw_max": 6.725574493408203,
      "raw_min": 2.146435260772705,
      "value_avg": 5.05527027027027,
      "value_max": 7,
      "value_min": 2
    }
  },
  "profile": "default_generic",
  "profile_title": "Default Generic Control",
  "uptime": 270.190532207489,
  "version": "0.9C"
}
